Variant ID,Variant Name,Gene IDs,Gene Symbols,Location,Alleles
PA166154127,rs11188072,PA124,CYP2C19,NC_000010.11:94759304,C>T
PA166281221,rs11188082,PA124,CYP2C19,NC_000010.11:94808278,A>C; A>G; A>T
PA166154206,rs113934938,PA124,CYP2C19,NC_000010.11:94842995,G>A
PA166232230,rs11528090,PA124,CYP2C19,NC_000010.11:94838682,T>G
PA166154138,rs11568732,PA124,CYP2C19,NC_000010.11:94761817,T>C; T>G
PA166154208,rs118203756,PA124,CYP2C19,NC_000010.11:94775160,G>C
PA166154209,rs118203757,PA124,CYP2C19,NC_000010.11:94842879,G>A
PA166154210,rs118203759,PA124,CYP2C19,NC_000010.11:94852785,C>A; C>G
PA166186021,rs1187513719,PA124,CYP2C19,NC_000010.11:94780595,A>G
PA166154147,rs12248560,PA124,CYP2C19,NC_000010.11:94761900,C>A; C>T
PA166154153,rs12571421,PA124,CYP2C19,NC_000010.11:94782225,A>G
PA166181752,rs1267723490,PA124,CYP2C19,NC_000010.11:94842855,T>C
PA166154155,rs12768009,PA124,CYP2C19,NC_000010.11:94766108,G>A
PA166154156,rs12769205,PA124,CYP2C19,NC_000010.11:94775367,A>G
PA166181748,rs1349931378,PA124,CYP2C19,NC_000010.11:94820584,G>A
PA166208301,rs138112316,PA124,CYP2C19,NC_000010.11:94852766,G>A; G>T
PA166154211,rs138142612,PA124,CYP2C19,NC_000010.11:94842861,G>A
PA166154212,rs140278421,PA124,CYP2C19,NC_000010.11:94780574,G>A; G>C; G>T
PA166208282,rs141690375,PA124,CYP2C19,NC_000010.11:94852790,C>A; C>T
PA166208027,rs141774245,PA124,CYP2C19,NC_000010.11:94775432,G>A; G>C
PA166208023,rs142974781,PA124,CYP2C19,NC_000010.11:94775506,C>T
PA166208143,rs143833145,PA124,CYP2C19,NC_000010.11:94842882,G>A; G>T
PA166154216,rs144036596,PA124,CYP2C19,NC_000010.11:94842953,G>A; G>C; G>T
PA166208166,rs144056033,PA124,CYP2C19,NC_000010.11:94849983,A>G
PA166186018,rs144928727,PA124,CYP2C19,NC_000010.11:94762770,A>G
PA166154217,rs145119820,PA124,CYP2C19,NC_000010.11:94775395,G>A
PA166154218,rs145328984,PA124,CYP2C19,NC_000010.11:94775106,C>A; C>T
PA166181754,rs1463550071,PA124,CYP2C19,NC_000010.11:94849975,A>T
PA166208041,rs146991374,PA124,CYP2C19,NC_000010.11:94852736,A>T
PA166181731,rs147255955,PA124,CYP2C19,NC_000010.11:94762751,C>T
PA166208145,rs147453531,PA124,CYP2C19,NC_000010.11:94775498,A>G
PA166208261,rs148247410,PA124,CYP2C19,NC_000010.11:94781931,C>G; C>T
PA166208026,rs149072229,PA124,CYP2C19,NC_000010.11:94775130,G>A
PA166208025,rs149590953,PA124,CYP2C19,NC_000010.11:94775452,C>A; C>T
PA166208262,rs150045105,PA124,CYP2C19,NC_000010.11:94775079,G>A
PA166181739,rs150152656,PA124,CYP2C19,NC_000010.11:94775447,C>A; C>T
PA166243730,rs1564656981,PA124,CYP2C19,NC_000010.11:94762788,A>T
PA166243731,rs1564657013,PA124,CYP2C19,NC_000010.11:94762856,A>G
PA166243732,rs1564660997,PA124,CYP2C19,NC_000010.11:94775121,C>T
PA166154165,rs17878459,PA124,CYP2C19,NC_000010.11:94775165,G>A; G>C
PA166154168,rs17879685,PA124,CYP2C19,NC_000010.11:94849995,C>G; C>T
PA166154170,rs17882687,PA124,CYP2C19,NC_000010.11:94762760,A>C
PA166154171,rs17884712,PA124,CYP2C19,NC_000010.11:94775489,G>A; G>C
PA166208022,rs17885179,PA124,CYP2C19,NC_000010.11:94775423,A>C
PA166154219,rs181297724,PA124,CYP2C19,NC_000010.11:94775539,G>A; G>C
PA166186020,rs183701923,PA124,CYP2C19,NC_000010.11:94780573,C>T
PA166208302,rs186489608,PA124,CYP2C19,NC_000010.11:94780610,T>C; T>G
PA166154222,rs192154563,PA124,CYP2C19,NC_000010.11:94852765,C>G; C>T
PA166181736,rs200150287,PA124,CYP2C19,NC_000010.11:94775431,C>G; C>T
PA166181734,rs200346442,PA124,CYP2C19,NC_000010.11:94775429,G>A
PA166208164,rs201132803,PA124,CYP2C19,NC_000010.11:94842909,T>A
PA166208142,rs201509150,PA124,CYP2C19,NC_000010.11:94842923,G>A
PA166154177,rs28399504,PA124,CYP2C19,NC_000010.11:94762706,A>G; A>T
PA166208163,rs368758960,PA124,CYP2C19,NC_000010.11:94842878,C>T
PA166154229,rs370803989,PA124,CYP2C19,NC_000010.11:94780579,G>A
PA166183357,rs375781227,PA124,CYP2C19,NC_000010.11:94781944,G>A
PA166154032,rs3758580,PA124,CYP2C19,NC_000010.11:94842865,C>G; C>T
PA166154033,rs3758581,PA124,CYP2C19,NC_000010.11:94842866,A>C; A>G
PA166208165,rs377674118,PA124,CYP2C19,NC_000010.11:94781979,C>A; C>T
PA166154042,rs3814637,PA124,CYP2C19,NC_000010.11:94761288,C>A; C>G; C>T
PA166154179,rs41291556,PA124,CYP2C19,NC_000010.11:94775416,T>C
PA166154053,rs4244285,PA124,CYP2C19,NC_000010.11:94781859,G>A; G>C
PA166154070,rs4986893,PA124,CYP2C19,NC_000010.11:94780653,G>A
PA166154232,rs550527959,PA124,CYP2C19,NC_000010.11:94842954,A>C; A>T
PA166154180,rs55640102,PA124,CYP2C19,NC_000010.11:94852914,A>C; A>T
PA166154181,rs55752064,PA124,CYP2C19,NC_000010.11:94762755,T>A; T>C
PA166154183,rs55948420,PA124,CYP2C19,NC_000010.11:94849947,G>A
PA166181745,rs559628884,PA124,CYP2C19,NC_000010.11:94820507,C>A; C>G
PA166154185,rs56337013,PA124,CYP2C19,NC_000010.11:94852738,C>T
PA166208322,rs568155950,PA124,CYP2C19,NC_000010.11:94842987,C>A; C>G
PA166208147,rs572853437,PA124,CYP2C19,NC_000010.11:94762869,C>A; C>G
PA166208144,rs57700608,PA124,CYP2C19,NC_000010.11:94780544,A>G
PA166208167,rs58259047,PA124,CYP2C19,NC_000010.11:94820581,C>G; C>T
PA166154187,rs58973490,PA124,CYP2C19,NC_000010.11:94775507,G>A
PA166208024,rs59734894,PA124,CYP2C19,NC_000010.11:94842860,C>A; C>T
PA166186019,rs61311738,PA124,CYP2C19,NC_000010.11:94780535,C>A; C>T
PA166208146,rs61526399,PA124,CYP2C19,NC_000010.11:94820512,A>C; A>T
PA166154074,rs6413438,PA124,CYP2C19,NC_000010.11:94781858,C>T
PA166232229,rs6583954,PA124,CYP2C19,NC_000010.11:94774506,C>T
PA166154192,rs72552267,PA124,CYP2C19,NC_000010.11:94775453,G>A
PA166154193,rs72558186,PA124,CYP2C19,NC_000010.11:94781999,T>A; T>C
PA166181741,rs749678783,PA124,CYP2C19,NC_000010.11:94781942,T>A; T>C
PA166208281,rs761587034,PA124,CYP2C19,NC_000010.11:94852814,T>G
PA166154238,rs763625282,PA124,CYP2C19,NC_000010.11:94775465,T>A; T>C
PA166181750,rs764137538,PA124,CYP2C19,NC_000010.11:94781959,C>T
PA166154243,rs770829708,PA124,CYP2C19,NC_000010.11:94842896,G>A; G>C
PA166154245,rs778258371,PA124,CYP2C19,NC_000010.11:94781991,G>A
PA166208283,rs779501712,PA124,CYP2C19,NC_000010.11:94852880,C>T
PA166154083,rs7902257,PA124,CYP2C19,NC_000010.11:94761665,G>A
PA166243733,rs1288601658,PA124,CYP2C19,NC_000010.11:94775185,A>G; A>T
